GEOID,population
01001,61920
01003,267761
01005,24607
01007,22262
01009,60156
01011,9780
01013,18100
01015,115834
01017,34253
01019,26413
01021,47708
01023,11904
01025,22014
01027,14207
01029,15970
01031,56953
01033,59474
01035,10899
01037,10161
01039,37947
01041,13175
01043,94009
01045,49912
01047,35140
01049,74085
01051,91577
01053,36665
01055,103886
01057,15872
01059,32449
01061,27554
01063,7067
01065,15194
01067,18394
01069,110318
01071,54281
01073,665742
01075,13587
01077,97135
01079,33843
01081,189881
01083,122928
01085,9359
01087,18132
01089,433516
01091,18311
01093,29097
01095,103537
01097,411658
01099,18965
01101,225891
01103,126483
01105,7425
01107,18221
01109,33688
01111,23163
01113,58898
01115,98206
01117,238552
01119,11588
01121,81603
01123,40953
01125,241368
01127,65140
01129,14822
01131,9666
01133,23829
02013,3479
02016,5240
02020,287155
02050,18391
02060,847
02063,6553
02066,2666
02068,1616
02070,4483
02090,93972
02100,2068
02105,2271
02110,31609
02122,61951
02130,13549
02150,12387
02158,7932
02164,1357
02170,118666
02180,9830
02185,10582
02188,7095
02195,3394
02198,5777
02220,8319
02230,1104
02240,7270
02275,2007
02282,672
02290,5028
04001,64445
04003,126332
04005,144368
04007,53801
04009,40157
04011,9312
04012,16711
04013,4689558
04015,228102
04017,109946
04019,1074685
04021,539380
04023,50020
04025,252552
04027,224449
05001,15836
05003,17831
05005,42982
05007,332554
05009,38628
05011,9828
05013,4632
05015,29263
05017,9107
05019,20938
05021,14052
05023,25672
05025,7224
05027,21894
05029,21393
05031,116957
05033,62657
05035,46210
05037,16186
05039,6011
05041,9984
05043,17054
05045,133979
05047,17725
05049,12492
05051,99695
05053,18756
05055,47411
05057,19080
05059,33451
05061,12306
05063,38785
05065,14405
05067,16741
05069,62987
05071,26225
05073,5888
05075,16273
05077,8029
05079,12764
05081,11763
05083,21633
05085,76664
05087,18410
05089,17593
05091,42357
05093,37828
05095,6244
05097,8579
05099,7942
05101,7026
05103,21731
05105,10309
05107,14255
05109,9964
05111,22483
05113,19486
05115,64976
05117,7923
05119,404611
05121,18876
05123,21800
05125,133288
05127,9965
05129,7848
05131,130641
05133,15758
05135,18122
05137,12703
05139,36926
05141,16238
05143,271213
05145,80085
05147,5710
05149,19956
06001,1636630
06003,1043
06005,41876
06007,209211
06009,46605
06011,21836
06013,1170070
06015,26410
06017,192323
06019,1035456
06021,28141
06023,131647
06025,181411
06027,18158
06029,927068
06031,154327
06033,67772
06035,28117
06037,9694934
06039,167927
06041,253694
06043,16918
06045,88122
06047,297260
06049,8426
06051,12505
06053,433729
06055,132949
06057,101911
06059,3149507
06061,442081
06063,18583
06065,2544916
06067,1618460
06069,70082
06071,2224091
06073,3282248
06075,826079
06077,823815
06079,282367
06081,743568
06083,442065
06085,1914391
06087,258852
06089,181648
06091,3098
06093,42013
06095,455376
06097,486444
06099,557719
06101,98787
06103,64665
06105,15720
06107,485146
06109,53160
06111,830851
06113,224410
06115,88691
08001,554668
08003,16688
08005,673820
08007,14306
08009,3347
08011,5716
08013,328560
08014,79174
08015,20831
08017,1713
08019,8994
08021,7529
08023,3679
08025,5677
08027,5590
08029,32178
08031,740613
08033,2466
08035,399396
08037,54291
08039,30534
08041,757040
08043,50039
08045,63474
08047,6073
08049,16496
08051,17439
08053,753
08055,7011
08057,1211
08059,580451
08061,1412
08063,7069
08065,7552
08067,56898
08069,377292
08071,14391
08073,5645
08075,20654
08077,162845
08079,910
08081,13122
08083,26678
08085,44591
08087,30306
08089,17683
08091,5265
08093,18314
08095,4420
08097,16625
08099,11884
08101,169277
08103,6683
08105,11087
08107,25329
08109,6732
08111,813
08113,7753
08115,2247
08117,31517
08119,24756
08121,4732
08123,378426
08125,9896
09110,994115
09120,337697
09130,177311
09140,463349
09150,98096
09160,114690
09170,578741
09180,284015
09190,640482
10001,194786
10003,588026
10005,277140
11001,693645
12001,290028
12003,29737
12005,204479
12007,28307
12009,663982
12011,2013317
12013,13289
12015,217212
12017,171666
12019,239593
12021,417131
12023,74094
12027,37078
12029,18038
12031,1062963
12033,333834
12035,140360
12037,13029
12039,44298
12041,20488
12043,13270
12045,15943
12047,14180
12049,25932
12051,48276
12053,221701
12055,111122
12057,1574115
12059,20119
12061,172799
12063,49629
12065,16007
12067,8792
12069,456068
12071,875607
12073,299048
12075,48520
12077,8035
12079,18759
12081,468200
12083,442660
12085,166272
12086,2802029
12087,80406
12089,106879
12091,221810
12093,42608
12095,1528002
12097,481718
12099,1575726
12101,674516
12103,948563
12105,874790
12107,77734
12109,346328
12111,402449
12113,211115
12115,479958
12117,491884
12119,157772
12121,48149
12123,21210
12125,16250
12127,606573
12129,38089
12131,93288
12133,26695
13001,19100
13003,8454
13005,11070
13007,2725
13009,44029
13011,21273
13013,99773
13015,120800
13017,17099
13019,18932
13021,157556
13023,12866
13025,18936
13027,16101
13029,52062
13031,86949
13033,24408
13035,27218
13037,5413
13039,60143
13043,11275
13045,131036
13047,69628
13049,13121
13051,311855
13053,8465
13055,25300
13057,299273
13059,129921
13061,2815
13063,297471
13065,6847
13067,793345
13069,44407
13071,47438
13073,169189
13075,18232
13077,160240
13079,12206
13081,19237
13083,16154
13085,35365
13087,29432
13089,774394
13091,19663
13093,11156
13095,82616
13097,154293
13099,10455
13101,3685
13103,74397
13105,20072
13107,23147
13109,11028
13111,26111
13113,125156
13115,101378
13117,282805
13119,25948
13121,1098791
13123,33894
13125,3141
13127,87599
13129,61701
13131,26590
13133,21367
13135,1018099
13137,50416
13139,226568
13141,8682
13143,33066
13145,37280
13147,28639
13149,12149
13151,264922
13153,178214
13155,9020
13157,99265
13159,17632
13161,15219
13163,15011
13165,8843
13167,9310
13169,29171
13171,20941
13173,10623
13175,51041
13177,34179
13179,70313
13181,8112
13183,21557
13185,122867
13187,36178
13189,21640
13191,11989
13193,11756
13195,32919
13197,7676
13199,21516
13201,5812
13205,20467
13207,32023
13209,8635
13211,22095
13213,41607
13215,202171
13217,125583
13219,44893
13221,16415
13223,190996
13225,29877
13227,37167
13229,20764
13231,20932
13233,45514
13235,10172
13237,23722
13239,2254
13241,17764
13243,6156
13245,206559
13247,98416
13249,4593
13251,14408
13253,9162
13255,70775
13257,27854
13259,4631
13261,28801
13263,5709
13265,1662
13267,24376
13269,7818
13271,11195
13273,8656
13275,46368
13277,42254
13279,27545
13281,13285
13283,6466
13285,72844
13287,8983
13289,7597
13291,27859
13293,28500
13295,70250
13297,112696
13299,36906
13301,5269
13303,19453
13305,32481
13307,2369
13309,7570
13311,29802
13313,106212
13315,8797
13317,9540
13319,8650
13321,20059
15001,210043
15003,988703
15005,82
15007,73400
15009,160592
16001,546141
16003,5013
16005,91591
16007,6727
16009,10508
16011,51153
16013,25517
16015,8545
16017,54420
16019,135771
16021,13997
16023,2783
16025,1316
16027,275123
16029,7252
16031,26397
16033,783
16035,9118
16037,4636
16039,29465
16041,15889
16043,14208
16045,21773
16047,16446
16049,17874
16051,35297
16053,26362
16055,191864
16057,41842
16059,8474
16061,3704
16063,5603
16065,55172
16067,22911
16069,42905
16071,5085
16073,12661
16075,27824
16077,8246
16079,14130
16081,13254
16083,97539
16085,12831
16087,11583
17001,64267
17003,4570
17005,16959
17007,53568
17009,6401
17011,32510
17013,4300
17015,15419
17017,12463
17019,209972
17021,33443
17023,15114
17025,12793
17027,37128
17029,46607
17031,5194625
17033,18648
17035,10208
17037,101835
17039,15118
17041,19880
17043,934298
17045,16323
17047,5898
17049,34519
17051,20790
17053,13216
17055,36916
17057,32901
17059,4616
17061,11313
17063,54052
17065,7859
17067,16803
17069,3588
17071,5984
17073,48095
17075,26150
17077,52501
17079,9032
17081,36147
17083,21160
17085,21594
17087,13363
17089,525757
17091,105525
17093,145470
17095,47767
17097,719339
17099,107773
17101,13790
17103,32914
17105,35057
17107,27182
17109,25916
17111,317751
17113,171419
17115,99300
17117,43748
17119,263110
17121,36382
17123,11473
17125,12411
17127,13502
17129,11863
17131,15229
17133,34840
17135,28076
17137,32515
17139,14371
17141,51399
17143,178553
17145,20160
17147,16791
17149,14231
17151,3672
17153,4820
17155,5619
17157,29921
17159,15219
17161,141869
17163,250708
17165,22772
17167,194170
17169,6657
17171,4866
17173,20576
17175,5319
17177,43220
17179,130049
17181,16656
17183,71259
17185,10907
17187,16222
17189,13564
17191,15882
17193,13250
17195,54121
17197,712253
17199,67225
17201,283674
17203,38111
18001,36650
18003,402329
18005,85729
18007,8883
18009,11730
18011,80689
18013,15777
18015,20655
18017,37836
18019,130451
18021,26410
18023,33322
18025,10509
18027,34209
18029,51609
18031,26576
18033,44535
18035,113106
18037,44016
18039,208774
18041,23533
18043,82153
18045,17013
18047,23286
18049,20091
18051,33091
18053,66524
18055,31165
18057,387036
18059,90969
18061,40437
18063,193510
18065,49137
18067,83904
18069,37224
18071,47370
18073,33894
18075,20118
18077,33279
18079,27622
18081,174262
18083,35652
18085,80892
18087,41305
18089,504612
18091,111294
18093,45568
18095,135088
18097,992196
18099,46599
18101,9856
18103,34487
18105,143345
18107,38954
18109,74967
18111,14188
18113,47937
18115,5994
18117,19834
18119,21886
18121,16642
18123,19389
18125,12003
18127,176049
18129,24988
18131,12463
18133,37876
18135,24438
18137,29434
18139,16767
18141,272861
18143,25053
18145,45882
18147,20061
18149,23425
18151,34799
18153,20831
18155,10037
18157,190456
18159,15319
18161,6863
18163,181995
18165,15488
18167,106512
18169,30713
18171,8474
18173,66803
18175,28383
18177,66169
18179,28883
18181,25164
18183,35046
19001,7403
19003,3617
19005,14238
19007,12077
19009,5509
19011,26004
19013,131532
19015,26799
19017,25296
19019,20883
19021,20449
19023,14049
19025,9562
19027,20303
19029,12960
19031,18359
19033,42372
19035,11369
19037,11663
19039,9574
19041,16202
19043,16845
19045,46002
19047,16237
19049,118457
19051,9230
19053,7655
19055,17674
19057,38077
19059,18077
19061,99381
19063,9107
19065,19047
19067,14901
19069,9868
19071,6522
19073,8658
19075,12361
19077,10782
19079,14944
19081,10528
19083,16455
19085,14623
19087,19349
19089,9415
19091,9409
19093,6777
19095,16504
19097,19288
19099,38153
19101,15291
19103,160044
19105,21253
19107,9797
19109,14322
19111,32306
19113,232028
19115,10416
19117,8847
19119,12354
19121,17270
19123,21880
19125,34192
19127,39890
19129,14793
19131,10650
19133,8539
19135,7406
19137,10002
19139,41853
19141,14220
19143,5980
19145,14856
19147,8899
19149,25697
19151,6819
19153,516546
19155,92996
19157,18368
19159,4642
19161,9525
19163,175259
19165,11689
19167,36774
19169,101291
19171,16796
19173,5835
19175,11829
19177,7131
19179,35210
19181,57331
19183,22667
19185,6738
19187,36838
19189,10251
19191,19733
19193,106649
19195,7338
19197,12801
20001,12302
20003,8018
20005,16172
20007,4083
20009,24790
20011,14319
20013,9104
20015,69484
20017,2572
20019,3321
20021,19105
20023,2604
20025,1900
20027,7990
20029,8833
20031,8467
20033,1673
20035,34382
20037,39008
20039,2716
20041,18637
20043,7594
20045,120920
20047,2640
20049,2458
20051,29075
20053,6257
20055,37505
20057,33993
20059,26299
20061,36338
20063,2631
20065,2371
20067,7028
20069,5652
20071,1182
20073,5826
20075,2500
20077,5370
20079,33580
20081,3599
20083,1619
20085,13438
20087,18296
20089,2830
20091,636906
20093,3888
20095,7029
20097,2432
20099,19685
20101,1508
20103,84590
20105,2861
20107,9950
20109,2661
20111,32266
20113,30064
20115,11634
20117,9852
20119,3852
20121,36240
20123,5590
20125,30177
20127,5348
20129,2470
20131,10054
20133,15637
20135,2617
20137,5288
20139,15693
20141,3285
20143,5744
20145,5991
20147,4728
20149,27186
20151,9117
20153,2431
20155,61539
20157,4640
20159,9266
20161,72598
20163,4646
20165,2845
20167,6581
20169,53377
20171,4815
20173,538433
20175,21073
20177,178607
20179,2427
20181,5763
20183,3566
20185,4005
20187,1986
20189,4984
20191,22312
20193,7725
20195,2740
20197,7018
20199,1441
20201,5533
20203,2031
20205,8299
20207,3118
20209,170597
21001,19423
21003,22536
21005,25225
21007,7594
21009,45641
21011,13176
21013,22829
21015,145316
21017,20243
21019,47751
21021,31632
21023,8511
21025,12558
21027,21503
21029,86454
21031,12520
21033,12609
21035,39421
21037,95441
21039,4747
21041,11141
21043,26149
21045,16205
21047,70115
21049,37888
21051,19465
21053,9139
21055,8807
21057,5992
21059,104898
21061,12749
21063,7265
21065,13962
21067,329751
21069,15787
21071,34401
21073,52649
21075,6218
21077,8840
21079,18207
21081,26181
21083,37050
21085,27406
21087,11644
21089,35213
21091,9050
21093,113482
21095,24725
21097,19627
21099,20117
21101,44255
21103,16447
21105,4372
21107,45127
21109,13325
21111,795222
21113,57147
21115,22051
21117,175779
21119,13321
21121,29532
21123,15184
21125,63746
21127,15765
21129,7297
21131,9627
21133,19952
21135,12901
21137,25353
21139,8863
21141,28669
21143,9123
21145,67553
21147,17124
21149,9064
21151,101696
21153,11110
21155,20115
21157,31659
21159,10697
21161,16936
21163,30699
21165,6430
21167,23733
21169,10583
21171,11191
21173,28822
21175,14415
21177,30634
21179,49036
21181,7949
21183,23934
21185,70986
21187,11601
21189,3932
21191,14800
21193,26555
21195,54721
21197,12812
21199,67384
21201,2325
21203,16148
21205,24476
21207,18608
21209,62262
21211,51243
21213,20788
21215,20998
21217,26763
21219,12972
21221,14512
21223,8701
21225,12839
21227,149375
21229,12368
21231,19597
21233,12929
21235,37297
21237,6298
21239,27883
22001,57032
22003,22672
22005,135105
22007,19720
22009,37941
22011,36673
22013,12269
22015,131867
22017,224226
22019,208466
22021,9344
22023,4718
22025,8223
22027,13354
22029,17836
22031,27381
22033,456180
22035,6760
22037,18911
22039,31980
22041,19002
22043,22075
22045,66846
22047,29579
22049,15834
22051,431398
22053,31471
22055,257949
22057,95505
22059,15154
22061,48360
22063,155036
22065,8844
22067,23705
22069,36089
22071,362154
22073,158542
22075,22256
22077,19520
22079,125877
22081,7165
22083,19582
22085,21834
22087,45642
22089,50586
22091,10758
22093,18938
22095,39875
22097,80765
22099,51106
22101,46552
22103,279108
22105,141346
22107,3700
22109,104163
22111,20561
22113,57671
22115,45091
22117,44937
22119,34948
22121,28756
22123,9156
22125,15134
22127,14961
23001,116487
23003,66609
23005,317222
23007,30824
23009,57171
23011,129067
23013,41117
23015,36595
23017,60346
23019,157967
23021,17409
23023,37979
23025,51620
23027,40693
23029,31334
23031,222434
24001,66848
24003,603380
24005,847650
24009,94484
24011,34116
24013,176677
24015,107131
24017,176593
24019,33628
24021,302883
24023,28370
24025,266446
24027,339183
24029,19565
24031,1074582
24033,970374
24035,54448
24037,116692
24039,24973
24041,38238
24043,157731
24045,106899
24047,54459
24510,569997
25001,233539
25003,128224
25005,593640
25007,21219
25009,826653
25011,70698
25013,464338
25015,164065
25017,1669979
25019,14758
25021,739749
25023,546829
25025,791891
25027,888502
26001,10556
26003,8641
26005,123188
26007,28853
26009,24698
26011,15068
26013,8169
26015,63991
26017,102123
26019,18568
26021,152444
26023,45993
26025,133408
26027,51677
26029,26036
26031,25793
26033,36081
26035,31543
26037,80432
26039,13722
26041,36582
26043,25827
26045,109581
26047,33775
26049,401093
26051,26077
26053,14285
26055,96729
26057,41190
26059,45738
26061,37842
26063,30530
26065,289709
26067,66557
26069,25266
26071,11757
26073,64691
26075,159552
26077,263795
26079,18693
26081,675232
26083,2186
26085,13182
26087,89516
26089,22982
26091,97779
26093,197315
26095,6339
26097,11236
26099,886221
26101,25656
26103,68064
26105,29040
26107,42320
26109,22941
26111,83754
26113,15274
26115,156004
26117,69406
26119,9842
26121,177901
26123,51622
26125,1288337
26127,27177
26129,21121
26131,5823
26133,23516
26135,8723
26137,26080
26139,308459
26141,13128
26143,23914
26145,187688
26147,160486
26149,60968
26151,40083
26153,8187
26155,67681
26157,52680
26159,76071
26161,370214
26163,1769038
26165,34445
27001,16252
27003,381605
27005,35497
27007,47055
27009,41744
27011,5054
27013,70634
27015,25517
27017,36711
27019,114379
27021,31430
27023,12406
27025,59142
27027,67734
27029,8647
27031,5522
27033,11405
27035,69132
27037,457710
27039,21376
27041,40120
27043,13888
27045,21540
27047,30440
27049,48195
27051,6085
27053,1284784
27055,18400
27057,22369
27059,44386
27061,45404
27063,9857
27065,16628
27067,44720
27069,4031
27071,11587
27073,6704
27075,10746
27077,3770
27079,29453
27081,5583
27083,25684
27085,36631
27087,5153
27089,8798
27091,19440
27093,23603
27095,27753
27097,34620
27099,40971
27101,7942
27103,34273
27105,22338
27107,6336
27109,166731
27111,61041
27113,13686
27115,30472
27117,9260
27119,30545
27121,11420
27123,541623
27125,3940
27127,15265
27129,14356
27131,69939
27133,9524
27135,15246
27137,200518
27139,159017
27141,104194
27143,15356
27145,164110
27147,37464
27149,9747
27151,9763
27153,26060
27155,3130
27157,21537
27159,14388
27161,18688
27163,286895
27165,11459
27167,6288
27169,50523
27171,157559
27173,9477
28001,30061
28003,34569
28005,12487
28007,17100
28009,7502
28011,28262
28013,12643
28015,9226
28017,16730
28019,8048
28021,8058
28023,15102
28025,18238
28027,19849
28029,27497
28031,17898
28033,197918
28035,79034
28037,7491
28039,26331
28041,13707
28043,20868
28045,46873
28047,217136
28049,211888
28051,15465
28053,7001
28055,1263
28057,24152
28059,147666
28061,15785
28063,6825
28065,10941
28067,66496
28069,8600
28071,59597
28073,67403
28075,70317
28077,11819
28079,21662
28081,83731
28083,25686
28085,35012
28087,57346
28089,116298
28091,24001
28093,34654
28095,33318
28097,9354
28099,28732
28101,20960
28103,9798
28105,51896
28107,32691
28109,59363
28111,11577
28113,38712
28115,32096
28117,25284
28119,5364
28121,162181
28123,28073
28125,3097
28127,25498
28129,13991
28131,19654
28133,22893
28135,10877
28137,28725
28139,21389
28141,18639
28143,8819
28145,28459
28147,13928
28149,41759
28151,40446
28153,19807
28155,10167
28157,7582
28159,17473
28161,12375
28163,22947
29001,25684
29003,18241
29005,5175
29007,24528
29009,36200
29011,11795
29013,16512
29015,20536
29017,10646
29019,191746
29021,83540
29023,41904
29025,9012
29027,45765
29029,44047
29031,83999
29033,8417
29035,5418
29037,115859
29039,14888
29041,7377
29043,96725
29045,6475
29047,265032
29049,21661
29051,77908
29053,17136
29055,22929
29057,7804
29059,18025
29061,8558
29063,9795
29065,14584
29067,12342
29069,26855
29071,108090
29073,14784
29075,6384
29077,309286
29079,9744
29081,8281
29083,22671
29085,9044
29087,4200
29089,10180
29091,40798
29093,9318
29095,732994
29097,127428
29099,233132
29101,56670
29103,3728
29105,36943
29107,33531
29109,39401
29111,9879
29113,66676
29115,11815
29117,14708
29119,23992
29121,15190
29123,12858
29125,8397
29127,28525
29129,3404
29131,25817
29133,12003
29135,15428
29137,8959
29139,11590
29141,22418
29143,15086
29145,62263
29147,20174
29149,8709
29151,13611
29153,9172
29155,14465
29157,19093
29159,44254
29161,45247
29163,17955
29165,114400
29167,33604
29169,54442
29171,4546
29173,10444
29175,24513
29177,23398
29179,5992
29181,10717
29183,426499
29185,9976
29186,18689
29187,67809
29189,990911
29195,23265
29197,4140
29199,4796
29201,37975
29203,7285
29205,5870
29207,28284
29209,32503
29211,5738
29213,57001
29215,25994
29217,19946
29219,39016
29221,23810
29223,10782
29225,43054
29227,1914
29229,19671
29510,278144
30001,10043
30003,12752
30005,6860
30007,8493
30009,11466
30011,1383
30013,85029
30015,5865
30017,12034
30019,1612
30021,8692
30023,9709
30025,2959
30027,11825
30029,115429
30031,128740
30033,1148
30035,13463
30037,844
30039,3658
30041,16167
30043,13329
30045,2162
30047,33392
30049,75331
30051,1957
30053,22328
30055,1720
30057,10026
30059,2137
30061,5185
30063,123513
30065,5582
30067,18214
30069,548
30071,4203
30073,6072
30075,1781
30077,7157
30079,1112
30081,48582
30083,11377
30085,10242
30087,8253
30089,14062
30091,3436
30093,36118
30095,9445
30097,3762
30099,6496
30101,5211
30103,728
30105,7385
30107,2100
30109,885
30111,172692
31001,31071
31003,6352
31005,396
31007,686
31009,458
31011,5355
31013,10494
31015,1674
31017,2826
31019,51172
31021,6678
31023,8507
31025,27657
31027,8373
31029,3718
31031,5561
31033,9528
31035,6170
31037,10934
31039,8823
31041,10500
31043,21687
31045,7858
31047,24452
31049,1862
31051,5602
31053,38057
31055,606460
31057,1568
31059,5458
31061,2795
31063,2655
31065,4524
31067,21711
31069,1804
31071,1710
31073,1803
31075,561
31077,2154
31079,63633
31081,9678
31083,3000
31085,821
31087,2467
31089,10067
31091,686
31093,6538
31095,7070
31097,5218
31099,6790
31101,8100
31103,792
31105,3391
31107,8335
31109,334049
31111,33303
31113,669
31115,570
31117,369
31119,36106
31121,7905
31123,4404
31125,3290
31127,7102
31129,4100
31131,16531
31133,2510
31135,2849
31137,8994
31139,7378
31141,35649
31143,5270
31145,10307
31147,7530
31149,1259
31151,14996
31153,208303
31155,23702
31157,35586
31159,18032
31161,4809
31163,2924
31165,1188
31167,5744
31169,4842
31171,639
31173,6752
31175,4094
31177,21302
31179,10020
31181,3336
31183,789
31185,14564
32001,25851
32003,2407226
32005,50111
32007,54815
32009,729
32011,1867
32013,17267
32015,5872
32017,4320
32019,65088
32021,4407
32023,57336
32027,6421
32029,4260
32031,509386
32033,8661
32510,58571
33001,65147
33003,52784
33005,78269
33007,31343
33009,93225
33011,433415
33013,158078
33015,324077
33017,135043
33019,43961
34001,278657
34003,977026
34005,481439
34007,535799
34009,93390
34011,157148
34013,896379
34015,312638
34017,735033
34019,131781
34021,399289
34023,883335
34025,651035
34027,524251
34029,673746
34031,531624
34033,66280
34035,356486
34037,148063
34039,601863
34041,112953
35001,667601
35003,3827
35005,63364
35006,26807
35007,12184
35009,46655
35011,1647
35013,229091
35015,62509
35017,27252
35019,4343
35021,617
35023,3929
35025,74749
35027,19844
35028,19407
35029,25407
35031,68119
35033,4051
35035,70368
35037,8454
35039,39832
35041,18615
35043,159565
35045,120340
35047,26260
35049,156907
35051,11395
35053,15838
35055,34564
35057,16100
35059,3844
35061,82013
36001,321225
36003,46800
36005,1406332
36007,195736
36009,75390
36011,74365
36013,124126
36015,80415
36017,45715
36019,78138
36021,60168
36023,45850
36025,44305
36027,300708
36029,946741
36031,36438
36033,46500
36035,52216
36037,58416
36039,47238
36041,5006
36043,59219
36045,111540
36047,2653963
36049,26479
36051,61438
36053,67120
36055,750506
36057,50046
36059,1398939
36061,1664862
36063,208912
36065,226392
36067,466584
36069,113130
36071,417669
36073,39825
36075,118569
36077,60589
36079,99028
36081,2358182
36083,160510
36085,501290
36087,357397
36089,105488
36091,241343
36093,162581
36095,30176
36097,16924
36099,32883
36101,91855
36103,1546090
36105,80586
36107,47453
36109,104047
36111,183330
36113,65020
36115,59353
36117,91250
36119,1015743
36121,39741
36123,24547
37001,186177
37003,36958
37005,11479
37007,21758
37009,27514
37011,18110
37013,44670
37015,17086
37017,30007
37019,174702
37021,277417
37023,88655
37025,249725
37027,81105
37029,11315
37031,70469
37033,22563
37035,170172
37037,85111
37039,30830
37041,14082
37043,12239
37045,103325
37047,50487
37049,105025
37051,338473
37053,33158
37055,38245
37057,180182
37059,45855
37061,51571
37063,347240
37065,49121
37067,401718
37069,82037
37071,246558
37073,10234
37075,8190
37077,61421
37079,20700
37081,562234
37083,46534
37085,150137
37087,63369
37089,122375
37091,19015
37093,56939
37095,4554
37097,211798
37099,45039
37101,256448
37103,9575
37105,70258
37107,55837
37109,98654
37111,45198
37113,39232
37115,22553
37117,21601
37119,1233383
37121,15062
37123,26403
37125,110619
37127,99365
37129,245959
37131,16491
37133,217175
37135,152498
37137,12758
37139,42201
37141,72111
37143,13490
37145,40636
37147,182936
37149,20533
37151,149516
37153,42041
37155,119941
37157,94195
37159,155096
37161,65745
37163,61504
37165,33322
37167,68830
37169,46126
37171,72287
37173,14024
37175,34211
37177,3537
37179,267674
37181,42638
37183,1257235
37185,18898
37187,10638
37189,54786
37191,122278
37193,66233
37195,81150
37197,38325
37199,19084
38001,2275
38003,10573
38005,5759
38007,1071
38009,6284
38011,2762
38013,2132
38015,103251
38017,201794
38019,3497
38021,4895
38023,2110
38025,4058
38027,2329
38029,3215
38031,3212
38033,1808
38035,74501
38037,2206
38039,2239
38041,2492
38043,2393
38045,4135
38047,1859
38049,5130
38051,2451
38053,15192
38055,9740
38057,8441
38059,34601
38061,9395
38063,2963
38065,1898
38067,6568
38069,3838
38071,11530
38073,5617
38075,2331
38077,16731
38079,11688
38081,3711
38083,1296
38085,3667
38087,628
38089,34013
38091,1797
38093,21414
38095,2040
38097,7920
38099,10179
38101,68233
38103,3729
38105,41767
39001,27865
39003,100881
39005,52523
39007,96713
39009,63197
39011,45909
39013,64434
39015,44397
39017,400128
39019,26475
39021,38820
39023,135340
39025,216977
39027,42301
39029,99377
39031,37188
39033,41896
39035,1232925
39037,51520
39039,38292
39041,242032
39043,73296
39045,169752
39047,28552
39049,1361536
39051,41853
39053,29072
39055,95676
39057,174322
39059,38379
39061,838418
39063,75034
39065,30072
39067,14070
39069,27598
39071,43823
39073,27512
39075,44970
39077,58250
39079,32817
39081,63597
39083,64002
39085,232217
39087,55710
39089,185564
39091,46302
39093,323219
39095,423347
39097,46985
39099,224706
39101,65115
39103,185025
39105,21587
39107,42737
39109,112634
39111,12994
39113,539598
39115,13626
39117,36305
39119,87014
39121,14276
39123,39481
39125,18727
39127,35918
39129,62978
39131,27061
39133,163404
39135,40664
39137,34380
39139,124893
39141,76429
39143,58655
39145,71365
39147,54522
39149,48065
39151,373771
39153,538376
39155,198972
39157,92373
39159,73446
39161,29013
39163,12645
39165,257181
39167,58389
39169,116758
39171,36549
39173,134176
39175,21567
40001,19828
40003,5649
40005,14609
40007,4882
40009,22159
40011,8515
40013,51367
40015,26130
40017,187189
40019,48910
40021,49196
40023,14059
40025,2059
40027,303973
40029,5436
40031,122158
40033,5432
40035,14518
40037,74967
40039,28175
40041,41910
40043,4207
40045,3613
40047,61779
40049,26377
40051,59128
40053,4067
40055,5373
40057,2327
40059,3172
40061,11787
40063,13455
40065,24764
40067,5431
40069,10448
40071,43490
40073,15795
40075,8181
40077,9645
40079,50196
40081,35278
40083,55473
40085,10780
40087,49647
40089,30744
40091,19758
40093,7536
40095,16255
40097,40416
40099,13805
40101,66708
40103,10899
40105,9522
40107,11451
40109,822125
40111,37241
40113,46794
40115,30438
40117,16029
40119,83889
40121,43320
40123,38528
40125,75102
40127,10807
40129,3259
40131,102197
40133,23441
40135,40842
40137,44310
40139,20322
40141,6780
40143,698782
40145,93263
40147,54037
40149,10884
40151,8443
40153,19827
41001,16658
41003,97728
41005,426280
41007,40926
41009,54091
41011,63992
41013,27564
41015,22621
41017,213072
41019,111951
41021,1971
41023,7075
41025,7380
41027,23720
41029,221795
41031,25740
41033,87867
41035,70274
41037,8187
41039,381584
41041,50636
41043,132843
41045,32261
41047,355777
41049,12602
41051,795391
41053,90037
41055,2051
41057,27384
41059,81119
41061,25900
41063,7595
41065,26310
41067,611708
41069,1472
41071,110024
42001,107594
42003,1225035
42005,63698
42007,166032
42009,47480
42011,440072
42013,119541
42015,59600
42017,647828
42019,200169
42021,128968
42023,4211
42025,65868
42027,157393
42029,557116
42031,36680
42033,78100
42035,37870
42037,66193
42039,81792
42041,277270
42043,293351
42045,580937
42047,29926
42049,265832
42051,123021
42053,6614
42055,160652
42057,14483
42059,33885
42061,43001
42063,82878
42065,43255
42067,23403
42069,216502
42071,563159
42073,83911
42075,146380
42077,384383
42079,332126
42081,112587
42083,38984
42085,107860
42087,46127
42089,167179
42091,877643
42093,17868
42095,324411
42097,89920
42099,46806
42101,1574281
42103,62808
42105,15897
42107,145085
42109,39655
42111,72004
42113,5856
42115,38237
42117,40502
42119,42313
42121,49346
42123,37038
42125,210802
42127,51703
42129,349324
42131,25790
42133,473197
44001,50001
44003,173495
44005,83051
44007,678179
44009,129795
45001,24836
45003,181515
45005,7355
45007,219930
45009,12796
45011,20653
45013,204433
45015,274666
45017,14188
45019,436200
45021,58275
45023,33001
45025,44740
45027,31043
45029,39382
45031,62888
45033,27458
45035,178397
45037,29808
45039,20340
45041,138504
45043,65912
45045,583125
45047,70379
45049,18174
45051,427551
45053,38533
45055,73166
45057,114296
45059,71848
45061,15730
45063,317588
45065,10215
45067,28242
45069,25488
45071,39561
45073,83775
45075,83177
45077,139198
45079,434956
45081,19680
45083,380857
45085,105067
45087,26799
45089,29662
45091,306887
46003,2801
46005,19624
46007,3307
46009,7244
46011,37635
46013,37561
46015,5278
46017,1802
46019,10856
46021,1377
46023,9303
46025,4031
46027,15031
46029,29562
46031,3781
46033,9431
46035,20069
46037,5484
46039,4408
46041,5419
46043,2888
46045,4022
46047,7467
46049,2178
46051,7534
46053,4037
46055,1802
46057,6900
46059,3121
46061,3456
46063,1331
46065,17570
46067,7413
46069,1191
46071,2666
46073,1654
46075,913
46077,5284
46079,10993
46081,29459
46083,77145
46085,3694
46087,5964
46089,2347
46091,4426
46093,30711
46095,2137
46097,2281
46099,212691
46101,6632
46102,13338
46103,116792
46105,2853
46107,2377
46109,10255
46111,2388
46115,6155
46117,3018
46119,1479
46121,8863
46123,5708
46125,9314
46127,17402
46129,5217
46135,23635
46137,2389
47001,82066
47003,55273
47005,16183
47007,15920
47009,143820
47011,115465
47013,40290
47015,15296
47017,29200
47019,57361
47021,42778
47023,17994
47025,33229
47027,7821
47029,37889
47031,62419
47033,14006
47035,66300
47037,745904
47039,11820
47041,21873
47043,58662
47045,36320
47047,45071
47049,20322
47051,45579
47053,51779
47055,31433
47057,25739
47059,73831
47061,14116
47063,68843
47065,390833
47067,7075
47069,25274
47071,27983
47073,59559
47075,17042
47077,28518
47079,32896
47081,26219
47083,8479
47085,19646
47087,12466
47089,60024
47091,18718
47093,511453
47095,6249
47097,24617
47099,46914
47101,13487
47103,36853
47105,63764
47107,57404
47109,26236
47111,27663
47113,100790
47115,29804
47117,38071
47119,118131
47121,14186
47123,49730
47125,249935
47127,6920
47129,22160
47131,30067
47133,23787
47135,9126
47137,5219
47139,18592
47141,86612
47143,34844
47145,57395
47147,80175
47149,386352
47151,22671
47153,17861
47155,101342
47157,910226
47159,20981
47161,14439
47163,163759
47165,215538
47167,62287
47169,12623
47171,17856
47173,21450
47175,6874
47177,43717
47179,141199
47181,16416
47183,33261
47185,29612
47187,272061
47189,175033
48001,59805
48003,18914
48005,88154
48007,26146
48009,9129
48011,1843
48013,53590
48015,33625
48017,6963
48019,22876
48021,118908
48023,3472
48025,32515
48027,402248
48029,2160088
48031,13581
48033,567
48035,18918
48037,92696
48039,419080
48041,249088
48043,9458
48045,1474
48047,6579
48049,38711
48051,20549
48053,57015
48055,55150
48057,19599
48059,14491
48061,433946
48063,13380
48065,5805
48067,28651
48069,7295
48071,57594
48073,53337
48075,6643
48077,10764
48079,2546
48081,3412
48083,7915
48085,1297179
48087,2487
48089,21439
48091,209166
48093,14432
48095,3607
48097,44461
48099,85592
48101,1224
48103,4554
48105,2769
48107,4852
48109,2267
48111,7508
48113,2661397
48115,11776
48117,18626
48119,5549
48121,1069346
48123,20309
48125,1692
48127,8024
48129,3213
48131,9402
48133,18143
48135,173801
48137,1370
48139,240867
48141,877858
48143,43911
48145,17869
48147,39265
48149,25459
48151,3692
48153,4881
48155,1044
48157,975191
48159,10994
48161,20811
48163,18823
48165,23956
48167,372207
48169,4510
48171,28527
48173,1128
48175,7208
48177,20159
48179,20919
48181,153613
48183,126095
48185,34252
48187,201111
48189,31819
48191,2737
48193,8680
48195,4944
48197,3292
48199,58723
48201,5045026
48203,71956
48205,4904
48207,5499
48209,304390
48211,3083
48213,88595
48215,921549
48217,39503
48219,21600
48221,70501
48223,39063
48225,22316
48227,30504
48229,3433
48231,123336
48233,19633
48235,1463
48237,9563
48239,15393
48241,33075
48243,1711
48245,254321
48247,4555
48249,38804
48251,218048
48253,20861
48255,15018
48257,209235
48259,53289
48261,319
48263,674
48265,54037
48267,4438
48269,192
48271,3128
48273,30315
48275,3192
48277,51503
48279,12579
48281,23657
48283,6517
48285,20651
48287,18729
48289,16894
48291,121364
48293,22849
48295,2955
48297,11929
48299,23353
48301,52
48303,328906
48305,6017
48307,7472
48309,272020
48311,544
48313,14226
48315,9896
48317,5284
48319,3990
48321,36463
48323,58823
48325,56881
48327,1956
48329,187855
48331,26258
48333,4580
48335,8947
48337,21966
48339,781194
48341,21891
48343,12133
48345,1043
48347,66035
48349,57181
48351,11954
48353,14117
48355,352992
48357,9284
48359,1783
48361,86266
48363,30791
48365,23018
48367,184767
48369,9678
48371,14560
48373,53434
48375,114453
48377,5433
48379,13542
48381,152351
48383,3166
48385,2745
48387,11816
48389,12138
48391,6657
48393,867
48395,17839
48397,140738
48399,9693
48401,54854
48403,10012
48405,7722
48407,29488
48409,72053
48411,5787
48413,2245
48415,16162
48417,3197
48419,24286
48421,2781
48423,252549
48425,10261
48427,66319
48429,9380
48431,1349
48433,1186
48435,3203
48437,6703
48439,2248466
48441,150077
48443,702
48445,11720
48447,1554
48449,31563
48451,120602
48453,1389670
48455,14384
48457,20443
48459,44410
48461,3131
48463,24963
48465,47835
48467,66130
48469,92656
48471,83842
48473,69858
48475,11125
48477,38288
48479,281224
48481,42060
48483,4773
48485,129555
48487,12481
48489,19971
48491,752827
48493,56139
48495,7540
48497,83778
48499,49688
48501,7438
48503,18154
48505,13753
48507,9037
49001,7301
49003,65320
49005,145000
49007,20680
49009,934
49011,381227
49013,20856
49015,10177
49017,5256
49019,9790
49021,67141
49023,13567
49025,8597
49027,14057
49029,13383
49031,1509
49033,2687
49035,1220916
49037,14542
49039,31453
49041,22827
49043,43141
49045,87461
49047,38278
49049,759859
49051,38514
49053,213670
49055,2587
49057,278174
50001,38048
50003,36630
50005,30414
50007,169115
50009,6051
50011,51177
50013,7511
50015,26294
50017,30002
50019,27600
50021,59653
50023,59652
50025,45204
50027,57312
51001,33859
51003,118356
51005,14546
51007,13632
51009,31962
51011,17172
51013,243931
51015,78940
51017,4076
51019,83059
51021,6151
51023,34144
51025,15727
51027,18492
51029,17137
51031,55629
51033,34413
51035,29299
51036,6623
51037,11401
51041,397148
51043,15609
51045,4800
51047,57666
51049,10352
51051,13236
51053,28896
51057,10654
51059,1167873
51061,76503
51063,15789
51065,28975
51067,55526
51069,99955
51071,16564
51073,40097
51075,29187
51077,15230
51079,21958
51081,11181
51083,33447
51085,116423
51087,342775
51089,49242
51091,2318
51093,41321
51095,83326
51097,6743
51099,29646
51101,19617
51103,10995
51105,21642
51107,449749
51109,42924
51111,12058
51113,14237
51115,8529
51117,30747
51119,10841
51121,98434
51125,14920
51127,28022
51131,11879
51133,12557
51135,15796
51137,40083
51139,23762
51141,17424
51143,59490
51145,32591
51147,22391
51149,43936
51153,502966
51155,33586
51157,7439
51159,9294
51161,97150
51163,22663
51165,89316
51167,25332
51169,21200
51171,45839
51173,28882
51175,18110
51177,155388
51179,170803
51181,6603
51183,10755
51185,38635
51187,42740
51191,53898
51193,19715
51195,34824
51197,27983
51199,71374
51510,160662
51520,16418
51530,6672
51540,44388
51550,255332
51570,18738
51580,5680
51590,41647
51595,5447
51600,26772
51610,15159
51620,8478
51630,30393
51640,6670
51650,137315
51660,50839
51670,23261
51678,7769
51680,81347
51683,44332
51685,16560
51690,13849
51700,183230
51710,231013
51720,3477
51730,33734
51735,13292
51740,96777
51750,17243
51760,237257
51770,99111
51775,25816
51790,26801
51800,104699
51810,453737
51820,23951
51830,15861
51840,28272
53001,21488
53003,22545
53005,221722
53007,81941
53009,78202
53011,532119
53013,4141
53015,114885
53017,46473
53019,7517
53021,102612
53023,2416
53025,105727
53027,78144
53029,85657
53031,33970
53033,2344939
53035,283374
53037,48803
53039,24331
53041,88062
53043,11982
53045,71165
53047,45230
53049,24357
53051,14457
53053,946288
53055,18577
53057,132975
53059,12669
53061,870656
53063,558344
53065,49668
53067,304261
53069,4873
53071,62361
53073,236392
53075,48512
53077,259185
54001,15414
54003,139522
54005,20251
54007,11885
54009,21142
54011,91183
54013,5978
54015,7538
54017,7634
54019,38165
54021,7085
54023,11041
54025,31578
54027,24105
54029,27729
54031,14337
54033,64221
54035,27450
54037,63102
54039,172381
54041,16394
54043,19177
54045,30375
54047,16878
54049,55584
54051,29159
54053,24707
54055,57503
54057,26792
54059,21455
54061,107991
54063,12491
54065,18027
54067,23848
54069,40496
54071,5826
54073,7338
54075,7602
54077,34004
54079,56885
54081,71775
54083,26882
54085,8034
54087,13317
54089,11532
54091,16287
54093,6540
54095,7881
54097,23758
54099,37309
54101,7760
54103,13734
54105,4879
54107,82385
54109,19801
55001,21752
55003,16203
55005,46484
55007,16787
55009,275803
55011,13318
55013,17223
55015,53982
55017,67614
55019,35052
55021,58132
55023,15910
55025,590375
55027,89097
55029,30616
55031,43990
55033,46223
55035,109033
55037,4748
55039,104669
55041,9574
55043,52446
55045,37227
55047,19305
55049,23951
55051,6127
55053,20999
55055,86505
55057,26649
55059,168448
55061,20758
55063,121339
55065,17478
55067,19534
55069,28403
55071,81710
55073,139432
55075,42574
55077,15927
55078,4199
55079,924216
55081,46572
55083,40195
55085,38131
55087,195894
55089,94346
55091,7513
55093,43519
55095,45803
55097,71943
55099,13988
55101,198919
55103,17036
55105,166472
55107,14146
55109,98276
55111,66652
55113,18846
55115,41560
55117,118047
55119,20118
55121,31171
55123,31443
55125,23761
55127,106127
55129,17087
55131,139238
55133,417210
55135,51461
55137,25223
55139,174218
55141,74060
56001,38558
56003,12024
56005,48145
56007,14013
56009,13824
56011,7852
56013,39464
56015,12640
56017,4600
56019,8908
56021,102938
56023,21180
56025,80526
56027,2341
56029,31171
56031,8634
56033,33241
56035,8929
56037,41267
56039,23333
56041,20728
56043,7597
56045,6840
